proteinID,all_MT,unique_MT
A2A4P0,11206,7706
A2A5R2,16138,11132
A2A5Z6,6742,4657
A2A654,27334,18791
A2A6Q5,7435,5123
A2AA28,2287,1563
A2AC93,5617,3903
A2ADA5,2629,1765
A2ADB2,2467,1693
A2AFK4,3655,2481
A2AI76,5806,3887
A2AKB9,5104,3439
A2AN08,46630,31953
A2AQW0,11989,8273
A2AS89,3232,2162
A2RSY6,6562,4521
A3KMP2,4195,2863
B1AVB3,8731,5961
B1AY10,10036,7007
B1AYM9,5374,3666
B2RQC6,20035,13572
B2RR83,13015,8919
B2RRE7,9973,6881
B2RWS6,21718,14927
B2RY04,16822,11625
B7ZMP1,4564,3131
B9EJA2,14842,10146
D3YYU8,16246,10967
D3Z4I3,2134,1462
D3Z757,3430,2311
E9PY46,13186,9064
E9PYG6,9352,6408
E9PYR1,6949,4700
E9Q368,14221,9675
E9Q3L2,18955,13024
E9Q3T6,5059,3495
E9Q7L1,13726,9350
E9Q816,4447,2958
E9Q912,5473,3772
E9Q9R9,17299,11880
E9QA15,6922,4822
F2Z461,9037,6226
F7BCK0,3070,2080
F8VPP8,8848,6092
F8VQ29,14698,10110
F8VQK3,6580,4522
G3X912,4483,3056
G3X9M3,11296,7719
G3XA30,3439,2370
G5E861,6202,4364
I7HJS2,2377,1627
J3KMP9,874,600
O08528,8263,5653
O08537,4780,3270
O08553,5158,3531
O08579,2341,1600
O08583,2305,1560
O08586,3637,2547
O08599,5356,3713
O08663,4312,2976
O08756,2386,1612
O08788,11539,7881
O08810,8749,6043
O08849,1909,1335
O08915,2980,2079
O08992,2701,1868
O09010,3412,2300
O09061,2170,1474
O35099,12430,8552
O35144,4879,3336
O35226,3394,2326
O35235,2854,1955
O35280,4294,2972
O35309,2836,1975
O35343,4699,3260
O35387,2530,1731
O35448,2728,1858
O35451,6301,4268
O35491,4501,3105
O35492,5752,3931
O35551,7768,5422
O35613,6661,4569
O35618,4411,3070
O35655,5860,4072
O35658,2512,1737
O35841,4546,3128
O35855,3547,2408
O35857,4078,2808
O35864,3016,2100
O54781,6148,4283
O54803,3421,2317
O54824,11908,8129
O54839,6373,4326
O54865,5590,3868
O54915,3889,2679
O54918,1774,1214
O54929,3646,2487
O54956,4753,3257
O55125,2566,1767
O55222,4078,2814
O55233,2458,1674
O55234,2386,1613
O70126,3115,2152
O70172,3655,2548
O70209,2854,1965
O70237,2980,2050
O70372,10108,6857
O70374,5356,3667
O70394,5617,3776
O70433,2521,1777
O70439,2359,1646
O70445,6895,4734
O70458,8749,6054
O70468,11440,7824
O70469,3718,2512
O70475,4447,3085
O70479,2854,1963
O70481,15823,10931
O70548,1513,1020
O70551,5842,4062
O88338,7480,5088
O88346,2368,1649
O88477,5203,3609
O88522,3718,2594
O88532,9676,6625
O88543,3817,2638
O88544,3664,2555
O88545,2926,2005
O88554,5041,3487
O88561,5536,3728
O88643,4915,3388
O88685,3988,2751
O88700,12754,8803
O88712,3979,2707
O88879,11251,7791
O88895,3826,2674
O88898,6130,4233
O88942,6463,4396
O88974,11773,8107
O89023,5068,3408
O89053,4159,2825
O89079,2782,1921
O89090,4213,2884
O89103,5806,3997
O89112,3601,2490
P00520,10117,6895
P01101,3430,2327
P01108,3961,2742
P01326,1000,682
P02340,3493,2388
P03995,3880,2671
P04627,5446,3711
P05132,3169,2204
P05201,3727,2553
P05202,3880,2659
P05480,4879,3313
P05524,2215,1489
P05784,3817,2626
P06240,4591,3175
P06745,5032,3472
P06804,2125,1452
P06876,5734,3973
P06880,1954,1339
P07310,3439,2377
P07724,5482,3817
P07742,7138,4965
P08103,4726,3243
P08113,7228,5047
P08228,1396,956
P08249,3052,2087
P08414,4231,2916
P08553,1972,1375
P09103,4591,3193
P09405,6373,4411
P09581,8803,6029
P09803,7966,5491
P0CB42,3511,2384
P10107,3124,2175
P10630,3673,2541
P10637,3079,2099
P10639,955,669
P10923,2656,1868
P11032,2350,1608
P11103,9127,6324
P11276,22303,15234
P11798,4312,2964
P11930,3223,2177
P12023,6265,4331
P12660,1090,748
P12672,3718,2563
P12813,5419,3673
P12815,1729,1200
P12970,2404,1655
P13405,8299,5736
P14131,1324,906
P14152,3016,2078
P14211,3754,2665
P14733,5302,3647
P14873,22186,15308
P15307,5293,3617
P15314,2971,2059
P15379,3736,2535
P15655,1396,954
P15919,9370,6505
P16054,6643,4612
P16056,12421,8528
P16125,3016,2073
P16277,4501,3082
P16546,22258,15500
P16858,3007,2080
P16879,7408,5073
P17182,3916,2708
P17225,4753,3267
P18653,6526,4483
P18760,1504,1044
P18872,3196,2234
P19091,8101,5542
P19137,27766,19166
P20444,6058,4211
P20612,3160,2203
P20918,7318,5076
P21981,6184,4239
P22315,3790,2610
P22682,8227,5656
P22893,2881,1929
P23298,6157,4239
P23591,2899,1989
P23708,3124,2130
P23780,5833,3978
P23804,4411,3068
P24270,4753,3299
P24529,4492,3063
P25206,7318,5057
P25322,2665,1830
P25425,6940,4676
P25785,1990,1391
P25799,8749,5984
P25911,4618,3215
P26040,5284,3703
P26369,4285,2930
P26638,4618,3193
P27040,4834,3315
P27548,2350,1612
P27600,3421,2351
P27773,4555,3153
P27870,7615,5277
P28028,7246,4974
P28063,2494,1698
P28653,3331,2294
P28658,4285,2975
P28741,6319,4372
P29477,10306,7088
P29594,4078,2810
P30282,2638,1789
P30285,2737,1846
P30416,4132,2856
P30678,3376,2329
P31001,4231,2912
P31230,2800,1927
P31938,3547,2439
P33215,5950,4066
P33434,5968,4109
P34884,1045,717
P35428,2548,1726
P35456,2953,2012
P35546,10045,6845
P35564,5329,3729
P35917,12277,8404
P35922,5536,3795
P36993,3520,2423
P37238,4555,3179
P37804,1819,1254
P38060,2935,1989
P39447,15715,10844
P40124,4276,2945
P40142,5617,3870
P40336,2953,2054
P41136,1216,843
P41242,4195,2856
P42227,6940,4780
P42567,8083,5578
P42703,9838,6777
P43027,4465,3036
P43346,2350,1631
P45376,2854,1979
P45952,3799,2625
P46061,5311,3614
P46662,5374,3742
P46938,4402,2994
P47738,4681,3189
P47791,4510,3075
P47811,3250,2248
P47856,6283,4345
P47930,2944,1992
P47941,2737,1883
P48036,2881,1969
P48432,2881,1972
P48453,4735,3256
P48744,1189,810
P48787,1909,1315
P48964,4636,3201
P49222,6229,4268
P49615,2638,1816
P49718,6607,4548
P49817,1612,1135
P49935,3007,2080
P50516,5563,3824
P51150,1873,1300
P51655,5023,3488
P51865,1549,1060
P51910,1711,1184
P52293,4771,3291
P52480,4789,3280
P53026,1963,1361
P53349,13447,9156
P53668,5833,4013
P53762,7129,4852
P53996,1612,1142
P54103,5599,3917
P54116,2566,1760
P54265,5689,3836
P54726,3277,2263
P54731,5851,4019
P54775,3772,2616
P54822,4366,2993
P56395,1216,835
P56399,7732,5329
P56480,4771,3244
P56542,3187,2164
P56873,1801,1233
P56959,4672,3173
P58252,7732,5322
P58269,3412,2376
P58404,6850,4673
P58463,6436,4387
P58659,3970,2737
P59024,1909,1333
P59048,1207,836
P59108,4942,3402
P59235,3430,2342
P59326,5041,3480
P59941,3016,2039
P60122,4114,2846
P60605,1495,1035
P60824,1558,1045
P60843,3664,2528
P60867,1081,745
P61161,3556,2446
P61208,1738,1203
P61219,1153,807
P61290,2296,1600
P61807,802,546
P61924,1603,1105
P61963,3088,2132
P62069,3304,2307
P62192,3970,2737
P62196,3664,2524
P62267,1297,893
P62281,1432,994
P62305,838,586
P62315,1081,729
P62322,829,564
P62492,1954,1356
P62696,1855,1295
P62814,4609,3151
P62878,982,690
P62881,3565,2440
P62908,2197,1501
P62960,2908,2015
P62996,2602,1752
P63073,1963,1359
P63166,919,647
P63242,1396,967
P63318,6283,4303
P68181,3169,2198
P68254,2215,1542
P68404,6049,4203
P70175,7651,5250
P70182,4924,3366
P70196,4780,3344
P70255,3961,2696
P70268,8524,5728
P70288,4402,3067
P70297,4942,3410
P70313,10828,7314
P70336,12502,8739
P70349,1144,798
P70353,3025,2080
P70371,3799,2626
P70372,2944,2032
P70388,11818,8324
P70397,1585,1089
P70399,17731,12156
P70404,3547,2441
P70428,6472,4458
P70444,1765,1225
P70671,3781,2559
P70677,2503,1738
P70697,3313,2229
P83741,21403,14475
P83887,4069,2801
P84091,3925,2718
P97310,8146,5625
P97311,7399,5115
P97313,37162,25625
P97315,1747,1213
P97328,2692,1835
P97371,2251,1572
P97372,2161,1504
P97384,4537,3086
P97427,5158,3555
P97460,7354,5027
P97477,3565,2458
P97481,7876,5398
P97504,5869,4052
P97765,2359,1621
P97793,14599,9871
P97813,8407,5731
P97814,3745,2591
P97819,7273,4947
P97820,11107,7619
P97864,2737,1908
P97865,2872,1965
P97868,16120,11141
P97929,29971,20708
P98083,5221,3533
P98086,2215,1497
P99026,2386,1616
Q00651,9361,6428
Q00993,8002,5395
Q00PI9,6715,4626
Q01147,3079,2102
Q01705,22789,15838
Q01853,7264,5018
Q02614,2782,1935
Q03145,8803,6029
Q03146,8209,5537
Q03147,3124,2135
Q03265,4987,3407
Q03526,5635,3905
Q04857,9235,6305
Q04887,4573,3161
Q05186,2935,2044
Q05895,8614,5965
Q06186,1882,1270
Q06806,10216,6923
Q07076,4177,2852
Q07797,5203,3538
Q07832,5437,3734
Q0VAV2,17650,12152
Q0VAY3,3232,2232
Q0VBL6,5968,4050
Q11136,4447,3044
Q148V8,10891,7352
Q149C2,5635,3920
Q149T7,4573,3087
Q14AI6,3106,2091
Q14BI5,13177,9078
Q14BI7,12457,8553
Q14CH1,7768,5318
Q1EG27,11755,8129
Q1HFZ0,6823,4702
Q2MV57,6310,4298
Q2TBE6,4321,2976
Q2TPA8,4420,3053
Q32LZ8,3898,2634
Q38HM4,3160,2203
Q3TCH7,6841,4742
Q3TDN2,4015,2769
Q3TGF2,1189,844
Q3TIR1,3763,2573
Q3TJ91,9253,6282
Q3TJD7,4123,2825
Q3TLD5,4789,3307
Q3TLR7,6571,4481
Q3TQB2,4393,2975
Q3TTL0,3142,2165
Q3TTY0,13312,9122
Q3TV70,1270,868
Q3TWF6,5923,4082
Q3TXS7,8587,5943
Q3TZX3,2890,1963
Q3U133,5878,3989
Q3U1N2,10180,6889
Q3U1V8,9703,6597
Q3U2J5,2917,2005
Q3U3T8,9685,6646
Q3U487,7759,5256
Q3U515,8371,5683
Q3U564,5212,3565
Q3U7U3,4717,3207
Q3UDE2,5761,3959
Q3UDP0,4150,2852
Q3UE37,3214,2194
Q3UEB3,5086,3478
Q3UFB7,7201,4874
Q3UGF1,12079,8388
Q3UHD3,12187,8335
Q3UHL1,4618,3165
Q3UIW5,7246,4975
Q3UIZ8,7165,4872
Q3UJB0,7912,5420
Q3UJB9,4123,2809
Q3UJC8,5761,3963
Q3UKC1,7336,5141
Q3ULA2,5455,3762
Q3ULD5,5077,3459
Q3UMC0,8047,5509
Q3UMM4,3250,2235
Q3URD3,7615,5311
Q3URF8,2350,1615
Q3USJ8,6670,4618
Q3UTJ2,6373,4384
Q3UTY6,9172,6310
Q3UUJ4,3889,2675
Q3UVC0,2980,2044
Q3UYI6,1531,1030
Q3UZZ4,4555,3130
Q3V016,5554,3801
Q3V0M2,6805,4638
Q3V1D5,5401,3650
Q3V1L6,6310,4273
Q3V1T4,6661,4568
Q3V3A1,3907,2687
Q3V3A7,5725,3920
Q4G5Y1,3664,2516
Q4JIM5,10648,7250
Q4U2R1,43534,29660
Q4VAH7,4177,2868
Q4VGL6,10180,6980
Q501J6,5860,4018
Q505D1,9487,6512
Q505F5,5239,3544
Q50H33,4294,2953
Q52KI8,8083,5430
Q5BKS4,6202,4268
Q5BN45,1513,1053
Q5DTZ0,16570,11216
Q5DU05,3700,2534
Q5EBP3,8344,5541
Q5EE38,3754,2527
Q5F201,5590,3834
Q5F2F2,4141,2773
Q5H8C4,28504,19713
Q5KU39,7687,5369
Q5M8N4,2782,1858
Q5NCI0,8344,5674
Q5RJG1,6193,4300
Q5S006,22753,15661
Q5SP85,4510,3087
Q5SPL2,9037,6184
Q5SRT8,3493,2385
Q5SRX1,4573,3123
Q5SSG5,1837,1254
Q5SU73,5131,3492
Q5SUQ9,10918,7390
Q5SUV5,3493,2434
Q5SV80,8677,5959
Q5SW45,5059,3449
Q5SW75,12817,8822
Q5U4C9,5401,3714
Q5U4F6,3781,2535
Q60591,8353,5732
Q60592,15616,10588
Q60596,5689,3894
Q60604,6445,4462
Q60648,1747,1197
Q60668,3205,2212
Q60673,8821,5967
Q60676,4501,3140
Q60722,6040,4124
Q60750,8803,5961
Q60778,3241,2219
Q60805,8956,6147
Q60821,7156,4959
Q60838,6634,4494
Q60864,4897,3451
Q60931,2557,1747
Q60992,7822,5407
Q61026,13168,9011
Q61083,5581,3839
Q61084,5644,3872
Q61152,4087,2777
Q61161,7399,5030
Q61207,5023,3495
Q61221,7534,5185
Q61271,4555,3132
Q61288,4528,3090
Q61292,16201,11103
Q61500,2377,1643
Q61510,5716,3961
Q61539,3907,2696
Q61545,5905,3962
Q61553,4447,3059
Q61574,2971,2013
Q61598,4015,2797
Q61699,7732,5385
Q61753,4807,3241
Q61765,3754,2601
Q61792,2377,1660
Q61810,11287,7788
Q61881,6481,4440
Q61937,2638,1844
Q61999,2233,1565
Q62000,2692,1865
Q62073,5221,3602
Q62074,5365,3728
Q62077,11728,8105
Q62086,3196,2201
Q62132,5914,4078
Q62158,4627,3183
Q62186,1558,1058
Q62190,12412,8376
Q62203,4285,2897
Q62312,5338,3710
Q62348,2062,1413
Q62383,15544,10812
Q62384,4141,2857
Q62418,3934,2699
Q62419,3322,2285
Q62441,6967,4779
Q63932,3619,2466
Q63953,2998,2058
Q64105,2359,1576
Q64112,4258,2982
Q64318,10063,7001
Q64337,3988,2736
Q64429,4897,3319
Q64442,3223,2190
Q64449,13321,9154
Q64669,2476,1704
Q64689,3430,2348
Q64702,8335,5737
Q64705,3124,2140
Q64727,9604,6602
Q68FD5,15085,10493
Q68FD7,10495,7244
Q68FF6,6940,4743
Q68FF7,5221,3520
Q68FL6,8128,5576
Q68SN8,5374,3672
Q69Z66,7381,5125
Q69ZA1,13609,9287
Q69ZF3,8272,5629
Q69ZM6,11854,8031
Q6A009,15913,10921
Q6A4J8,9937,6926
Q6DIA9,2530,1709
Q6GQT1,13276,9067
Q6GQV7,11161,7731
Q6IFX3,3961,2747
Q6IQY5,5554,3870
Q6NXI6,13231,8971
Q6NXK7,7183,4940
Q6NZB1,3412,2309
Q6NZM9,9694,6623
Q6NZN0,1900,1315
Q6NZQ4,9514,6554
Q6P1B1,5617,3873
Q6P1G6,1945,1329
Q6P3E7,6004,4055
Q6P3Z3,5131,3514
Q6P4T0,17236,11644
Q6P4T2,19234,13284
Q6P5E4,13969,9641
Q6P5H6,4663,3189
Q6P9P6,9478,6559
Q6PAC3,4015,2759
Q6PAJ1,11440,7847
Q6PAV2,9523,6558
Q6PB51,2503,1717
Q6PB66,12538,8674
Q6PDH0,12349,8346
Q6PDI5,16570,11328
Q6PE01,3232,2203
Q6PF93,7993,5515
Q6PFY1,6202,4206
Q6PGC1,12295,8483
Q6PGN3,6814,4658
Q6PHU5,7435,5094
Q6PIJ4,11674,7900
Q6PZD9,2539,1735
Q6QLQ4,2206,1520
Q6RT24,22276,15552
Q6V595,5581,3852
Q6VH22,15751,10850
Q6VY05,3178,2135
Q6WKZ8,15805,10905
Q6XP49,7021,4801
Q6XUX1,8353,5745
Q6YGZ1,4825,3272
Q6ZPI0,7516,5177
Q6ZQ06,12637,8846
Q6ZQ38,11080,7611
Q6ZQ88,7687,5264
Q6ZQF0,13645,9425
Q6ZQH8,15841,10752
Q6ZQJ5,9568,6539
Q6ZWX6,2845,1987
Q6ZWY8,406,287
Q76MZ3,5311,3628
Q78PY7,8200,5623
Q78XR0,1441,966
Q7TMI3,7237,5000
Q7TNC4,3538,2442
Q7TNS2,694,469
Q7TNS7,4861,3311
Q7TPD1,8380,5834
Q7TQF2,8560,5908
Q7TQI3,2449,1706
Q7TSE6,4186,2881
Q7TSI3,7714,5276
Q7TSV4,5590,3856
Q7TT23,10621,7292
Q80SW1,4780,3299
Q80T85,8524,5842
Q80TD3,9982,6851
Q80TY0,5554,3902
Q80U93,18775,12549
Q80UE6,11008,7447
Q80UU1,6742,4589
Q80UW2,2683,1823
Q80V72,4042,2791
Q80VI1,6616,4499
Q80VP9,3097,2125
Q80W47,4015,2748
Q80W65,6256,4221
Q80WB5,1891,1325
Q80WE4,15976,11173
Q80WG7,6571,4579
Q80X50,9973,6745
Q80X56,4510,3129
Q80X90,23428,16074
Q80XI6,7660,5135
Q80XL6,7021,4812
Q80Y81,7489,5129
Q80Y86,4951,3352
Q80YC5,5383,3698
Q80YT7,8425,5848
Q80YV4,7390,5044
Q80YY7,8587,5905
Q80Z25,9163,6383
Q80ZI6,6553,4530
Q80ZK0,1450,1003
Q80ZK9,6103,4204
Q80ZV0,2782,1918
Q810A3,1549,1070
Q810M1,2107,1468
Q811T9,7678,5226
Q8BFR5,4078,2770
Q8BFT6,3853,2650
Q8BFX3,7345,4959
Q8BFY6,2485,1685
Q8BG32,3808,2633
Q8BG71,4024,2718
Q8BG95,8794,6049
Q8BGB7,2323,1593
Q8BGE6,3547,2435
Q8BGF3,3223,2217
Q8BGG7,5752,3937
Q8BGH2,4231,2870
Q8BGQ7,8722,5989
Q8BGV0,4303,2959
Q8BGV4,4618,3156
Q8BGV7,2971,2021
Q8BGY4,5464,3706
Q8BGY7,2467,1678
Q8BGZ2,2206,1499
Q8BGZ4,5383,3723
Q8BH04,5770,3917
Q8BH60,4177,2894
Q8BH64,4897,3353
Q8BH74,8344,5745
Q8BHB0,8587,5858
Q8BHD1,4294,2950
Q8BHN3,8506,5799
Q8BI72,5077,3427
Q8BID8,3610,2468
Q8BIG4,3322,2277
Q8BJ71,7381,5072
Q8BJD1,8578,5902
Q8BJX2,3196,2215
Q8BJY1,4546,3097
Q8BK06,3943,2705
Q8BK62,3664,2491
Q8BK72,3745,2573
Q8BKC8,7354,5053
Q8BKJ9,3628,2457
Q8BKN5,9226,6380
Q8BKX6,32932,22574
Q8BL48,7300,5014
Q8BL74,8173,5576
Q8BL95,2620,1803
Q8BL97,2413,1603
Q8BLU2,2242,1542
Q8BLY1,4078,2811
Q8BM13,4042,2749
Q8BMC4,5734,3858
Q8BMF4,5788,3949
Q8BMI0,10756,7410
Q8BND3,10639,7407
Q8BP00,5392,3718
Q8BP47,5041,3468
Q8BPA8,1837,1268
Q8BQM8,17803,12215
Q8BQY8,2530,1744
Q8BR37,3619,2422
Q8BS90,4735,3261
Q8BSF5,5239,3596
Q8BSK8,4735,3237
Q8BTI8,24337,16208
Q8BTQ0,2179,1524
Q8BTW8,5302,3623
Q8BTZ7,3250,2218
Q8BU30,11368,7822
Q8BUI3,5842,3970
Q8BUN5,3835,2649
Q8BVD7,2611,1783
Q8BVI4,2179,1468
Q8BVQ5,3484,2382
Q8BW96,3475,2418
Q8BWG8,3772,2590
Q8BWW9,8857,6084
Q8BX07,2440,1677
Q8BX10,2602,1776
Q8BX17,13528,9250
Q8BX70,33742,23285
Q8BY71,3754,2605
Q8BYH7,5815,3939
Q8BYL4,4258,2890
Q8BYR2,10171,7027
Q8BYY4,5563,3834
Q8BZ60,8065,5540
Q8BZ64,5347,3623
Q8BZN4,5761,3925
Q8BZQ2,4465,3071
Q8BZQ7,7543,5133
Q8C006,4519,3098
Q8C033,12115,8316
Q8C050,7777,5342
Q8C0J2,5473,3752
Q8C0Q4,5662,3911
Q8C0S1,9487,6566
Q8C147,18910,13018
Q8C166,4834,3297
Q8C1A5,6193,4256
Q8C1M2,1594,1083
Q8C1W1,3385,2295
Q8C3Q9,4096,2794
Q8C436,2062,1411
Q8C4H2,2710,1880
Q8C4Y3,5230,3561
Q8C570,3322,2296
Q8C5H8,4069,2765
Q8C5Q4,4321,2942
Q8C6I2,1486,1034
Q8C7D2,4015,2785
Q8C850,5464,3703
Q8CA72,5383,3702
Q8CAA7,5599,3848
Q8CAQ8,6823,4679
Q8CAV0,1486,1025
Q8CAY6,3583,2422
Q8CBE3,4474,3063
Q8CBF3,8866,6085
Q8CC35,8371,5640
Q8CC70,2413,1666
Q8CC86,4852,3236
Q8CC88,17155,11758
Q8CCN5,8362,5684
Q8CD92,7633,5261
Q8CDM1,9370,6487
Q8CDN6,2611,1814
Q8CE08,3439,2357
Q8CE96,4483,3096
Q8CEE0,4510,3129
Q8CF89,4528,3089
Q8CF98,2503,1723
Q8CFA2,3637,2435
Q8CFG4,4420,2978
Q8CFH6,8389,5741
Q8CFI0,7705,5313
Q8CFJ9,7120,4890
Q8CFV9,1405,980
Q8CGC7,13618,9419
Q8CGF7,9910,6828
Q8CGV2,4402,3042
Q8CH02,5797,4010
Q8CHE4,15193,10339
Q8CHK4,4627,3195
Q8CHQ0,3475,2376
Q8CHW1,1900,1340
Q8CI19,3115,2125
Q8CI78,4060,2793
Q8CIE6,11026,7588
Q8CIG8,5743,3949
Q8CIH5,11395,7914
Q8CII8,3502,2359
Q8CIV3,4069,2795
Q8CJF9,7750,5305
Q8CJG0,7750,5338
Q8CJG1,7723,5333
Q8JZM0,3115,2142
Q8JZM7,4789,3299
Q8JZP3,5347,3648
Q8JZX3,3655,2487
Q8K019,8281,5707
Q8K093,9235,6319
Q8K0C9,3358,2317
Q8K0D5,6769,4657
Q8K0F1,6166,4263
Q8K0H5,1972,1327
Q8K0L0,5716,3920
Q8K0X8,3538,2465
Q8K194,1405,956
Q8K1A6,8497,5797
Q8K1G2,10990,7486
Q8K1L5,1189,812
Q8K1R7,8866,6067
Q8K296,10774,7422
Q8K297,5563,3792
Q8K2C7,6058,4188
Q8K2M0,3430,2336
Q8K2T8,4825,3388
Q8K2X2,3349,2308
Q8K305,2539,1756
Q8K330,5851,3968
Q8K337,8947,6169
Q8K339,3529,2442
Q8K3A9,6004,4077
Q8K4C2,6292,4252
Q8K4E0,29269,20131
Q8K4Q0,12025,8231
Q8K4Z5,7129,4930
Q8K592,5122,3474
Q8N7N6,5005,3428
Q8QZV4,4402,3016
Q8QZY9,3826,2590
Q8R001,2944,2059
Q8R010,2890,1971
Q8R023,2341,1626
Q8R080,6679,4512
Q8R081,5284,3632
Q8R0L9,3898,2683
Q8R0P4,1108,751
Q8R124,5527,3781
Q8R127,3871,2644
Q8R146,6598,4474
Q8R164,2629,1796
Q8R179,4816,3291
Q8R1C6,3547,2413
Q8R1F5,2503,1684
Q8R1G6,3151,2144
Q8R1N4,3277,2265
Q8R1Q3,3043,2114
Q8R2K4,5554,3731
Q8R2Q0,5293,3666
Q8R2Q6,5365,3620
Q8R2U0,3250,2225
Q8R2Y2,5842,3979
Q8R307,8767,5992
Q8R317,5248,3583
Q8R3G1,3169,2165
Q8R3H9,3484,2433
Q8R3Y8,5266,3552
Q8R404,1081,737
Q8R480,5914,4072
Q8R4B8,9307,6401
Q8R4V1,2386,1627
Q8R4V4,5896,4030
Q8VBX4,2989,2069
Q8VC34,5536,3796
Q8VC85,1207,826
Q8VCA8,3835,2595
Q8VCE2,3358,2295
Q8VCI0,4960,3433
Q8VCN5,3592,2464
Q8VCR8,5527,3796
Q8VCW8,5545,3802
Q8VD75,9271,6374
Q8VDF2,7048,4879
Q8VDM4,8182,5602
Q8VDQ8,3511,2411
Q8VE18,8929,6139
Q8VE37,3799,2557
Q8VE47,3637,2494
Q8VE73,15211,10350
Q8VE80,3169,2185
Q8VEB1,5320,3678
Q8VED5,4789,3258
Q8VEE4,5617,3870
Q8VEH8,4357,3029
Q8VEJ4,4375,2961
Q8VEK6,3799,2625
Q8VHJ7,9136,6236
Q8VHX6,24544,16737
Q8VIG0,8614,5833
Q8VIM5,8425,5768
Q91UZ5,2620,1786
Q91V10,3277,2221
Q91V92,9829,6737
Q91V93,6562,4482
Q91VR2,2692,1862
Q91VR5,6670,4616
Q91VR7,1099,771
Q91VV4,4231,2906
Q91VY5,9784,6697
Q91VY9,4294,2973
Q91VZ6,3970,2716
Q91W61,2710,1816
Q91W67,3430,2332
Q91W90,3763,2584
Q91WD1,3592,2450
Q91WK2,3178,2210
Q91WQ3,4762,3273
Q91X45,4672,3160
Q91X51,4024,2719
Q91X79,2404,1626
Q91XS1,10720,7376
Q91XW8,2953,2011
Q91YA2,3826,2600
Q91YD9,4519,3091
Q91YE3,3610,2479
Q91YE8,9793,6656
Q91YH6,4627,3174
Q91YI0,4186,2841
Q91YI4,3700,2531
Q91YK8,3277,2212
Q91YQ5,5482,3760
Q91YR5,6292,4295
Q91YT0,4186,2846
Q91YX0,5977,4085
Q91Z53,2962,2008
Q91ZJ5,4582,3166
Q91ZQ5,4807,3332
Q91ZR4,6292,4257
Q91ZU0,2872,1981
Q91ZU1,3772,2590
Q91ZW2,3547,2415
Q91ZZ3,1207,822
Q920G9,4726,3260
Q920Q2,11251,7725
Q921F2,3736,2566
Q921G8,8155,5605
Q921M3,10963,7493
Q921Q3,4348,2943
Q921S7,3817,2614
Q921T2,4690,3202
Q921Z5,1792,1253
Q922D8,8425,5756
Q922H2,3745,2591
Q922H7,2233,1536
Q922L6,5329,3678
Q922R8,4015,2760
Q922S8,6499,4476
Q922W5,2791,1887
Q922X9,6238,4290
Q922Y1,2683,1828
Q923B1,4960,3447
Q923E4,6643,4597
Q923Q2,10027,6881
Q923U0,4276,2942
Q923X4,1414,963
Q924C1,10846,7438
Q924C6,6823,4666
Q924K1,2962,2039
Q924M7,3817,2609
Q924S8,4006,2764
Q924T3,2944,2046
Q925K9,2467,1678
Q925U4,5878,4022
Q93092,3043,2108
Q99J09,3088,2099
Q99J36,3160,2192
Q99J77,3241,2228
Q99J79,3898,2669
Q99J95,3358,2322
Q99JB2,3187,2164
Q99JR6,2215,1532
Q99JX3,4069,2754
Q99JY9,3772,2601
Q99K41,9163,6113
Q99K48,4267,2935
Q99K82,5005,3442
Q99K85,3340,2290
Q99KB8,2350,1613
Q99KD5,8506,5792
Q99KH8,3889,2687
Q99KJ8,3628,2488
Q99KP6,4546,3113
Q99KR7,1864,1267
Q99LB6,3016,2079
Q99LD9,3169,2186
Q99LI7,6463,4500
Q99LI8,6985,4808
Q99LJ6,1684,1151
Q99LJ7,4969,3410
Q99LM2,4537,3111
Q99LN9,2728,1848
Q99LP6,1963,1353
Q99ML2,6004,4027
Q99ML9,8911,6102
Q99MQ3,5230,3529
Q99MR6,7885,5480
Q99MR9,9811,6804
Q99N20,2224,1541
Q99N57,5842,4005
Q99N96,3034,2097
Q99NB1,6148,4178
Q99NB8,5374,3652
Q99NH2,12007,8240
Q99PJ2,4969,3429
Q99PL5,6319,4390
Q99PL6,3988,2723
Q99PM3,3412,2367
Q99PP2,8488,5853
Q99PP7,10288,7093
Q99PU7,6562,4488
Q99PV0,21025,14556
Q99PW4,2206,1487
Q9CPT3,2242,1547
Q9CPU0,1666,1163
Q9CPV4,2692,1860
Q9CPV5,1828,1255
Q9CPY3,2386,1620
Q9CPY4,1153,778
Q9CQ48,1423,975
Q9CQ71,1099,759
Q9CQ73,7165,4896
Q9CQA5,2440,1687
Q9CQF0,1738,1195
Q9CQJ2,2620,1786
Q9CQN1,6364,4370
Q9CQQ7,2314,1585
Q9CQW3,3601,2487
Q9CQX2,1324,917
Q9CQX8,928,634
Q9CR11,2053,1427
Q9CR16,3340,2325
Q9CR33,3736,2527
Q9CR41,1171,811
Q9CR61,1243,855
Q9CR98,1252,865
Q9CRA9,2287,1598
Q9CRD2,2683,1882
Q9CSN1,2980,2095
Q9CT10,4429,3028
Q9CTN4,5509,3811
Q9CUN6,6589,4527
Q9CVB6,2710,1882
Q9CVD2,3205,2215
Q9CW03,10963,7665
Q9CWD8,2881,1947
Q9CWG1,2305,1598
Q9CWL2,1891,1281
Q9CWQ2,1378,928
Q9CWR1,3349,2276
Q9CWR2,3862,2676
Q9CWW7,5950,4132
Q9CX56,3187,2182
Q9CX60,955,666
Q9CXE0,5401,3798
Q9CXF7,8110,5568
Q9CXU1,1189,837
Q9CY28,2575,1757
Q9CY57,2251,1487
Q9CY94,1954,1340
Q9CYR6,4888,3340
Q9CZ13,4330,2957
Q9CZ44,3340,2273
Q9CZ62,7714,5315
Q9CZB3,4762,3262
Q9CZD3,6571,4513
Q9CZN7,4546,3088
Q9CZT4,6400,4392
Q9CZU3,9370,6481
Q9D051,3241,2214
Q9D071,9289,6276
Q9D0A0,4960,3433
Q9D0C1,2755,1894
Q9D0D4,2827,1931
Q9D0F1,5788,4048
Q9D0F3,4663,3210
Q9D0G0,3988,2732
Q9D0I9,5950,4118
Q9D0K2,4690,3195
Q9D0R2,6508,4533
Q9D0T2,3061,2087
Q9D113,1603,1074
Q9D136,2845,1936
Q9D140,2647,1817
Q9D1A4,2971,2040
Q9D1G0,2512,1721
Q9D1G1,1819,1253
Q9D1J1,2404,1633
Q9D1J3,1900,1305
Q9D1M0,2908,2001
Q9D1P4,2989,2077
Q9D279,5842,3971
Q9D287,2035,1423
Q9D2D9,3196,2119
Q9D2E1,2422,1656
Q9D2X0,1657,1132
Q9D2X5,5581,3836
Q9D2Y5,2827,1918
Q9D305,1963,1351
Q9D306,4312,2982
Q9D3A8,4537,3116
Q9D3F7,2071,1390
Q9D417,5311,3620
Q9D4B2,5626,3923
Q9D4F8,6013,4123
Q9D4H2,7012,4820
Q9D4V4,2908,2018
Q9D554,4519,3162
Q9D5V2,5482,3794
Q9D5V5,7030,4893
Q9D6N5,1855,1278
Q9D6R2,3304,2282
Q9D6U8,1405,963
Q9D6Y7,2107,1445
Q9D706,5950,4140
Q9D787,4699,3256
Q9D7A6,1306,895
Q9D7I8,5275,3576
Q9D880,3187,2169
Q9D892,1792,1233
Q9D8N0,3943,2706
Q9D8S4,2143,1483
Q9D8W5,4114,2845
Q9D902,2638,1808
Q9D9Y8,2206,1516
Q9DA77,1684,1171
Q9DAA6,1765,1199
Q9DAC7,1342,929
Q9DAJ4,2845,1920
Q9DAT5,3763,2583
Q9DAW6,4699,3229
Q9DB05,2665,1873
Q9DB77,4087,2791
Q9DBA6,5122,3381
Q9DBG1,4807,3271
Q9DBI2,6427,4416
Q9DBL7,5077,3432
Q9DBR7,9271,6405
Q9DBX2,2719,1893
Q9DC11,4780,3274
Q9DC28,3745,2559
Q9DC33,3124,2170
Q9DC40,7570,5091
Q9DC48,5221,3620
Q9DC63,4330,2974
Q9DCM2,2044,1396
Q9DCN2,2719,1866
Q9DCP9,1522,1025
Q9DCT5,1909,1294
Q9DCU6,2656,1792
Q9EPC1,3358,2313
Q9EPK7,9793,6715
Q9EPS3,5572,3828
Q9EPW4,1774,1235
Q9EQ20,4825,3289
Q9EQG5,2305,1571
Q9EQX4,1360,941
Q9EQY0,8803,6025
Q9ER38,3475,2380
Q9ER41,3034,2082
Q9ERA0,4528,3140
Q9ERE9,7480,5109
Q9ERG2,7174,4927
Q9ESN6,6706,4620
Q9ESP1,1999,1344
Q9ET01,7660,5306
Q9ET26,2071,1443
Q9JHG6,1792,1231
Q9JHS4,5716,3916
Q9JI18,41401,28912
Q9JI70,5140,3500
Q9JI74,6769,4625
Q9JIX9,4609,3109
Q9JIY0,3682,2521
Q9JJ66,4501,3071
Q9JJN0,6256,4282
Q9JJP2,5689,3908
Q9JJX8,3736,2569
Q9JJY4,7435,5126
Q9JK23,2611,1789
Q9JK81,3430,2331
Q9JKF1,14923,10396
Q9JKK8,2476,1688
Q9JKS4,6517,4426
Q9JL70,12961,8825
Q9JLI8,8668,5983
Q9JLV5,6922,4799
Q9JM98,4168,2837
Q9JMA2,3637,2456
Q9JMB1,3385,2315
Q9JMG1,1342,931
Q9JMG2,2854,1976
Q9QUK0,5122,3561
Q9QUR6,6400,4448
Q9QWT9,6076,4090
Q9QWV4,2413,1652
Q9QXA1,2809,1947
Q9QXD6,3052,2106
Q9QXG9,3079,2088
Q9QXS1,42229,28898
Q9QXT1,2530,1732
Q9QXV9,2827,1943
Q9QXW2,5167,3523
Q9QY53,6193,4235
Q9QY66,3601,2408
Q9QYB1,2287,1590
Q9QYC3,1783,1210
Q9QYJ7,1792,1222
Q9QYY0,6265,4312
Q9QZ08,3097,2124
Q9QZ10,2926,2043
Q9QZD9,2935,2032
Q9QZE5,7876,5410
Q9QZM0,5752,3885
Q9QZN0,4663,3200
Q9QZR0,4114,2849
Q9QZR5,10774,7346
Q9R061,2485,1671
Q9R0A0,3394,2323
Q9R0E1,6679,4554
Q9R0N0,3538,2382
Q9R0Q7,1450,1025
Q9R0X0,1918,1306
Q9R109,2197,1517
Q9R111,4096,2811
Q9R194,5338,3633
Q9R1A8,6607,4556
Q9R1E0,5878,4001
Q9R1K5,4447,3029
Q9R1K9,1558,1087
Q9R1Q8,1801,1248
Q9R1T2,3160,2162
Q9R1Z8,6607,4498
Q9WTI7,9577,6560
Q9WTL4,11710,7957
Q9WTL8,5698,3923
Q9WTM5,4177,2857
Q9WTR2,11629,7866
Q9WU01,3151,2153
Q9WU03,2278,1564
Q9WU28,1396,973
Q9WU56,3817,2613
Q9WU78,7831,5404
Q9WUB0,4582,3140
Q9WUB4,1720,1192
Q9WUD1,2746,1919
Q9WUE4,3430,2380
Q9WUH5,4411,3008
Q9WUM4,4276,2979
Q9WUN2,6571,4530
Q9WUP1,1333,905
Q9WUR2,3529,2405
Q9WUT3,6607,4537
Q9WV07,6409,4403
Q9WV54,3556,2419
Q9WV60,3790,2584
Q9WVC3,1468,1011
Q9WVC6,3889,2697
Q9WVE0,1792,1228
Q9WVG5,4510,3100
Q9WVG6,5482,3745
Q9WVL0,1954,1340
Q9WVL2,8317,5700
Q9WVS7,4042,2766
Q9Z0E3,4978,3371
Q9Z0G2,5095,3500
Q9Z0G7,5752,3860
Q9Z0H1,5608,3801
Q9Z0X1,5518,3764
Q9Z0Z3,3826,2616
Q9Z191,5554,3796
Q9Z1B5,1855,1278
Q9Z1E3,2836,1955
Q9Z1F9,5752,3977
Q9Z1J3,4141,2818
Q9Z1M4,4375,2976
Q9Z1Q9,11377,7711
Q9Z1S0,9478,6552
Q9Z1Y4,4330,2928
Q9Z1Z0,8641,5970
Q9Z266,1234,831
Q9Z2A0,5041,3479
Q9Z2F6,4042,2713
Q9Z2H1,3952,2721
Q9Z2N8,3871,2670
Q9Z2R6,2170,1490
Q9Z2R9,5581,3855
Q9Z2U0,2242,1556
Q9Z2U1,2179,1498
Q9Z2V4,5608,3866
Q9Z2V5,10351,7059
Q9Z2V6,10027,6812
Q9Z2W0,4267,2902
